PLANT01,PLANT02,PLANT03,PLANT04,PLANT05,PLANT06,PLANT07,PLANT08,PLANT09,PLANT10
40.0,0.0,0.0,0.0,0.0,0.0,0.0,0.0,0.0,0.0
0.0,0.0,0.0,70.0,0.0,0.0,0.0,0.0,0.0,0.0
50.0,0.0,0.0,0.0,0.0,0.0,0.0,0.0,0.0,0.0
0.0,50.0,0.0,0.0,0.0,0.0,0.0,0.0,0.0,0.0
0.0,0.0,0.0,0.0,0.0,0.0,0.0,0.0,40.0,0.0
80.0,0.0,0.0,0.0,0.0,0.0,0.0,0.0,0.0,0.0
0.0,0.0,0.0,0.0,0.0,0.0,0.0,0.0,50.0,0.0
0.0,0.0,0.0,0.0,0.0,0.0,0.0,0.0,0.0,50.0
0.0,0.0,0.0,0.0,0.0,0.0,50.0,0.0,0.0,0.0
0.0,0.0,0.0,60.0,0.0,0.0,0.0,0.0,0.0,0.0
0.0,0.0,0.0,0.0,0.0,0.0,0.0,100.0,0.0,0.0
0.0,0.0,0.0,0.0,0.0,0.0,0.0,0.0,0.0,90.0
0.0,0.0,60.0,0.0,0.0,0.0,0.0,0.0,0.0,0.0
0.0,0.0,0.0,90.0,0.0,0.0,0.0,0.0,0.0,0.0
0.0,0.0,0.0,0.0,0.0,0.0,0.0,0.0,40.0,0.0
0.0,0.0,0.0,0.0,0.0,0.0,0.0,100.0,0.0,0.0
0.0,0.0,0.0,0.0,0.0,40.0,0.0,0.0,0.0,0.0
0.0,0.0,0.0,80.0,0.0,0.0,0.0,0.0,0.0,0.0
70.0,0.0,0.0,0.0,0.0,0.0,0.0,0.0,0.0,0.0
0.0,0.0,0.0,0.0,0.0,0.0,60.0,0.0,0.0,0.0
0.0,0.0,0.0,0.0,0.0,0.0,0.0,60.0,0.0,0.0
0.0,0.0,50.0,0.0,0.0,0.0,0.0,0.0,0.0,0.0
0.0,0.0,0.0,0.0,0.0,0.0,0.0,0.0,0.0,50.0
0.0,0.0,0.0,0.0,0.0,0.0,0.0,0.0,0.0,50.0
0.0,100.0,0.0,0.0,0.0,0.0,0.0,0.0,0.0,0.0
0.0,0.0,0.0,0.0,0.0,0.0,0.0,0.0,80.0,0.0
0.0,0.0,0.0,0.0,0.0,80.0,0.0,0.0,0.0,0.0
0.0,0.0,0.0,0.0,40.0,0.0,0.0,0.0,0.0,0.0
0.0,0.0,0.0,80.0,0.0,0.0,0.0,0.0,0.0,0.0
0.0,0.0,0.0,0.0,0.0,0.0,100.0,0.0,0.0,0.0
0.0,0.0,0.0,0.0,0.0,0.0,0.0,0.0,0.0,60.0
0.0,0.0,0.0,0.0,0.0,0.0,0.0,0.0,0.0,90.0
0.0,90.0,0.0,0.0,0.0,0.0,0.0,0.0,0.0,0.0
0.0,0.0,0.0,0.0,0.0,0.0,60.0,0.0,0.0,0.0
0.0,0.0,0.0,0.0,0.0,0.0,0.0,0.0,70.0,0.0
0.0,0.0,0.0,0.0,0.0,0.0,0.0,60.0,0.0,0.0
0.0,0.0,0.0,0.0,90.0,0.0,0.0,0.0,0.0,0.0
0.0,0.0,0.0,0.0,0.0,0.0,0.0,0.0,0.0,100.0
0.0,0.0,0.0,0.0,0.0,0.0,80.0,0.0,0.0,0.0
0.0,0.0,0.0,0.0,0.0,0.0,0.0,0.0,0.0,90.0
0.0,0.0,0.0,0.0,0.0,0.0,0.0,100.0,0.0,0.0
0.0,0.0,0.0,0.0,0.0,0.0,0.0,40.0,0.0,0.0
0.0,0.0,0.0,0.0,70.0,0.0,0.0,0.0,0.0,0.0
90.0,0.0,0.0,0.0,0.0,0.0,0.0,0.0,0.0,0.0
0.0,0.0,70.0,0.0,0.0,0.0,0.0,0.0,0.0,0.0
0.0,0.0,0.0,0.0,0.0,0.0,40.0,0.0,0.0,0.0
0.0,0.0,0.0,0.0,0.0,0.0,0.0,0.0,70.0,0.0
0.0,0.0,0.0,0.0,0.0,0.0,0.0,0.0,50.0,0.0
0.0,0.0,100.0,0.0,0.0,0.0,0.0,0.0,0.0,0.0
0.0,100.0,0.0,0.0,0.0,0.0,0.0,0.0,0.0,0.0
0.0,0.0,0.0,0.0,0.0,0.0,0.0,0.0,0.0,60.0
0.0,0.0,60.0,0.0,0.0,0.0,0.0,0.0,0.0,0.0
70.0,0.0,0.0,0.0,0.0,0.0,0.0,0.0,0.0,0.0
0.0,0.0,70.0,0.0,0.0,0.0,0.0,0.0,0.0,0.0
0.0,0.0,0.0,0.0,0.0,0.0,0.0,60.0,0.0,0.0
60.0,0.0,0.0,0.0,0.0,0.0,0.0,0.0,0.0,0.0
0.0,0.0,0.0,0.0,0.0,80.0,0.0,0.0,0.0,0.0
0.0,80.0,0.0,0.0,0.0,0.0,0.0,0.0,0.0,0.0
0.0,0.0,0.0,0.0,0.0,0.0,0.0,0.0,0.0,70.0
0.0,90.0,0.0,0.0,0.0,0.0,0.0,0.0,0.0,0.0
0.0,0.0,60.0,0.0,0.0,0.0,0.0,0.0,0.0,0.0
0.0,0.0,0.0,0.0,0.0,50.0,0.0,0.0,0.0,0.0
40.0,0.0,0.0,0.0,0.0,0.0,0.0,0.0,0.0,0.0
0.0,0.0,0.0,0.0,0.0,0.0,40.0,0.0,0.0,0.0
0.0,0.0,0.0,0.0,0.0,0.0,90.0,0.0,0.0,0.0
0.0,0.0,0.0,40.0,0.0,0.0,0.0,0.0,0.0,0.0
0.0,0.0,0.0,0.0,0.0,0.0,0.0,0.0,0.0,60.0
0.0,0.0,0.0,0.0,0.0,0.0,0.0,0.0,40.0,0.0
0.0,0.0,0.0,0.0,0.0,0.0,0.0,70.0,0.0,0.0
0.0,0.0,0.0,70.0,0.0,0.0,0.0,0.0,0.0,0.0
0.0,0.0,90.0,0.0,0.0,0.0,0.0,0.0,0.0,0.0
0.0,0.0,0.0,0.0,0.0,0.0,0.0,40.0,0.0,0.0
70.0,0.0,0.0,0.0,0.0,0.0,0.0,0.0,0.0,0.0
0.0,60.0,0.0,0.0,0.0,0.0,0.0,0.0,0.0,0.0
0.0,0.0,0.0,0.0,0.0,100.0,0.0,0.0,0.0,0.0
0.0,0.0,0.0,0.0,0.0,0.0,0.0,0.0,0.0,80.0
0.0,0.0,60.0,0.0,0.0,0.0,0.0,0.0,0.0,0.0
0.0,40.0,0.0,0.0,0.0,0.0,0.0,0.0,0.0,0.0
0.0,0.0,0.0,0.0,0.0,0.0,0.0,0.0,70.0,0.0
0.0,0.0,70.0,0.0,0.0,0.0,0.0,0.0,0.0,0.0
0.0,60.0,0.0,0.0,0.0,0.0,0.0,0.0,0.0,0.0
0.0,0.0,0.0,0.0,0.0,0.0,0.0,0.0,60.0,0.0
0.0,60.0,0.0,0.0,0.0,0.0,0.0,0.0,0.0,0.0
0.0,0.0,0.0,0.0,100.0,0.0,0.0,0.0,0.0,0.0
0.0,0.0,0.0,0.0,0.0,0.0,0.0,90.0,0.0,0.0
0.0,90.0,0.0,0.0,0.0,0.0,0.0,0.0,0.0,0.0
0.0,0.0,0.0,0.0,0.0,0.0,0.0,0.0,0.0,80.0
70.0,0.0,0.0,0.0,0.0,0.0,0.0,0.0,0.0,0.0
0.0,0.0,0.0,0.0,0.0,0.0,0.0,100.0,0.0,0.0
0.0,0.0,0.0,0.0,0.0,0.0,0.0,0.0,80.0,0.0
80.0,0.0,0.0,0.0,0.0,0.0,0.0,0.0,0.0,0.0
0.0,0.0,0.0,0.0,0.0,0.0,0.0,0.0,50.0,0.0
0.0,0.0,0.0,0.0,0.0,0.0,0.0,0.0,60.0,0.0
90.0,0.0,0.0,0.0,0.0,0.0,0.0,0.0,0.0,0.0
70.0,0.0,0.0,0.0,0.0,0.0,0.0,0.0,0.0,0.0
0.0,0.0,0.0,0.0,0.0,40.0,0.0,0.0,0.0,0.0
0.0,0.0,0.0,0.0,0.0,0.0,40.0,0.0,0.0,0.0
0.0,0.0,0.0,0.0,0.0,0.0,0.0,0.0,100.0,0.0
0.0,0.0,0.0,0.0,0.0,0.0,40.0,0.0,0.0,0.0
0.0,0.0,0.0,90.0,0.0,0.0,0.0,0.0,0.0,0.0
0.0,0.0,0.0,0.0,0.0,0.0,0.0,0.0,0.0,60.0
0.0,0.0,0.0,0.0,50.0,0.0,0.0,0.0,0.0,0.0
0.0,0.0,40.0,0.0,0.0,0.0,0.0,0.0,0.0,0.0
0.0,0.0,0.0,90.0,0.0,0.0,0.0,0.0,0.0,0.0
0.0,0.0,0.0,0.0,0.0,0.0,50.0,0.0,0.0,0.0
0.0,0.0,80.0,0.0,0.0,0.0,0.0,0.0,0.0,0.0
0.0,60.0,0.0,0.0,0.0,0.0,0.0,0.0,0.0,0.0
0.0,40.0,0.0,0.0,0.0,0.0,0.0,0.0,0.0,0.0
0.0,0.0,0.0,0.0,0.0,0.0,80.0,0.0,0.0,0.0
0.0,0.0,0.0,0.0,0.0,0.0,0.0,0.0,90.0,0.0
0.0,60.0,0.0,0.0,0.0,0.0,0.0,0.0,0.0,0.0
0.0,0.0,0.0,0.0,0.0,40.0,0.0,0.0,0.0,0.0
0.0,0.0,0.0,0.0,0.0,0.0,50.0,0.0,0.0,0.0
0.0,0.0,0.0,0.0,0.0,0.0,0.0,100.0,0.0,0.0
0.0,0.0,0.0,0.0,0.0,0.0,0.0,0.0,90.0,0.0
0.0,0.0,0.0,0.0,0.0,0.0,0.0,40.0,0.0,0.0
50.0,0.0,0.0,0.0,0.0,0.0,0.0,0.0,0.0,0.0
0.0,0.0,0.0,0.0,0.0,0.0,0.0,80.0,0.0,0.0
0.0,0.0,0.0,0.0,80.0,0.0,0.0,0.0,0.0,0.0
0.0,0.0,0.0,0.0,0.0,0.0,0.0,60.0,0.0,0.0
0.0,0.0,0.0,0.0,0.0,0.0,0.0,0.0,50.0,0.0
0.0,0.0,0.0,0.0,0.0,60.0,0.0,0.0,0.0,0.0
0.0,0.0,0.0,0.0,0.0,0.0,60.0,0.0,0.0,0.0
0.0,0.0,0.0,0.0,0.0,0.0,0.0,40.0,0.0,0.0
80.0,0.0,0.0,0.0,0.0,0.0,0.0,0.0,0.0,0.0
0.0,0.0,0.0,0.0,0.0,0.0,0.0,50.0,0.0,0.0
0.0,0.0,0.0,0.0,60.0,0.0,0.0,0.0,0.0,0.0
0.0,0.0,0.0,0.0,70.0,0.0,0.0,0.0,0.0,0.0
0.0,0.0,0.0,0.0,0.0,0.0,90.0,0.0,0.0,0.0
0.0,0.0,0.0,0.0,0.0,40.0,0.0,0.0,0.0,0.0
0.0,0.0,0.0,0.0,0.0,70.0,0.0,0.0,0.0,0.0
0.0,70.0,0.0,0.0,0.0,0.0,0.0,0.0,0.0,0.0
0.0,0.0,0.0,0.0,0.0,80.0,0.0,0.0,0.0,0.0
80.0,0.0,0.0,0.0,0.0,0.0,0.0,0.0,0.0,0.0
0.0,0.0,0.0,70.0,0.0,0.0,0.0,0.0,0.0,0.0
0.0,0.0,100.0,0.0,0.0,0.0,0.0,0.0,0.0,0.0
0.0,100.0,0.0,0.0,0.0,0.0,0.0,0.0,0.0,0.0
0.0,50.0,0.0,0.0,0.0,0.0,0.0,0.0,0.0,0.0
0.0,0.0,0.0,0.0,0.0,0.0,80.0,0.0,0.0,0.0
0.0,0.0,0.0,0.0,40.0,0.0,0.0,0.0,0.0,0.0
0.0,0.0,0.0,40.0,0.0,0.0,0.0,0.0,0.0,0.0
0.0,0.0,40.0,0.0,0.0,0.0,0.0,0.0,0.0,0.0
0.0,0.0,60.0,0.0,0.0,0.0,0.0,0.0,0.0,0.0
100.0,0.0,0.0,0.0,0.0,0.0,0.0,0.0,0.0,0.0
0.0,70.0,0.0,0.0,0.0,0.0,0.0,0.0,0.0,0.0
0.0,80.0,0.0,0.0,0.0,0.0,0.0,0.0,0.0,0.0
0.0,0.0,0.0,0.0,0.0,0.0,0.0,0.0,100.0,0.0
0.0,0.0,0.0,0.0,0.0,0.0,90.0,0.0,0.0,0.0
0.0,0.0,0.0,0.0,0.0,80.0,0.0,0.0,0.0,0.0
0.0,0.0,0.0,0.0,0.0,0.0,90.0,0.0,0.0,0.0
0.0,0.0,0.0,0.0,0.0,0.0,0.0,0.0,0.0,80.0
0.0,0.0,0.0,0.0,0.0,0.0,0.0,0.0,90.0,0.0
70.0,0.0,0.0,0.0,0.0,0.0,0.0,0.0,0.0,0.0
0.0,0.0,0.0,0.0,0.0,0.0,0.0,0.0,70.0,0.0
0.0,0.0,0.0,0.0,0.0,0.0,0.0,0.0,0.0,100.0
0.0,0.0,0.0,0.0,0.0,0.0,0.0,0.0,0.0,100.0
100.0,0.0,0.0,0.0,0.0,0.0,0.0,0.0,0.0,0.0
0.0,0.0,0.0,0.0,0.0,0.0,0.0,70.0,0.0,0.0
0.0,0.0,0.0,90.0,0.0,0.0,0.0,0.0,0.0,0.0
0.0,0.0,0.0,0.0,0.0,0.0,0.0,0.0,60.0,0.0
100.0,0.0,0.0,0.0,0.0,0.0,0.0,0.0,0.0,0.0
0.0,90.0,0.0,0.0,0.0,0.0,0.0,0.0,0.0,0.0
0.0,0.0,0.0,0.0,0.0,40.0,0.0,0.0,0.0,0.0
40.0,0.0,0.0,0.0,0.0,0.0,0.0,0.0,0.0,0.0
50.0,0.0,0.0,0.0,0.0,0.0,0.0,0.0,0.0,0.0
80.0,0.0,0.0,0.0,0.0,0.0,0.0,0.0,0.0,0.0
40.0,0.0,0.0,0.0,0.0,0.0,0.0,0.0,0.0,0.0
0.0,0.0,0.0,0.0,0.0,0.0,0.0,80.0,0.0,0.0
80.0,0.0,0.0,0.0,0.0,0.0,0.0,0.0,0.0,0.0
0.0,0.0,0.0,0.0,0.0,0.0,70.0,0.0,0.0,0.0
0.0,0.0,0.0,0.0,0.0,0.0,0.0,0.0,0.0,40.0
0.0,40.0,0.0,0.0,0.0,0.0,0.0,0.0,0.0,0.0
0.0,0.0,0.0,0.0,0.0,0.0,0.0,0.0,90.0,0.0
0.0,0.0,0.0,60.0,0.0,0.0,0.0,0.0,0.0,0.0
0.0,0.0,0.0,0.0,0.0,0.0,0.0,70.0,0.0,0.0
0.0,60.0,0.0,0.0,0.0,0.0,0.0,0.0,0.0,0.0
0.0,100.0,0.0,0.0,0.0,0.0,0.0,0.0,0.0,0.0
0.0,40.0,0.0,0.0,0.0,0.0,0.0,0.0,0.0,0.0
0.0,0.0,90.0,0.0,0.0,0.0,0.0,0.0,0.0,0.0
0.0,0.0,0.0,100.0,0.0,0.0,0.0,0.0,0.0,0.0
0.0,90.0,0.0,0.0,0.0,0.0,0.0,0.0,0.0,0.0
0.0,0.0,0.0,0.0,60.0,0.0,0.0,0.0,0.0,0.0
0.0,0.0,0.0,0.0,0.0,0.0,0.0,0.0,90.0,0.0
0.0,0.0,0.0,90.0,0.0,0.0,0.0,0.0,0.0,0.0
0.0,0.0,0.0,0.0,90.0,0.0,0.0,0.0,0.0,0.0
0.0,0.0,0.0,0.0,90.0,0.0,0.0,0.0,0.0,0.0
0.0,0.0,0.0,0.0,0.0,90.0,0.0,0.0,0.0,0.0
0.0,0.0,0.0,60.0,0.0,0.0,0.0,0.0,0.0,0.0
0.0,0.0,0.0,0.0,0.0,0.0,50.0,0.0,0.0,0.0
0.0,0.0,0.0,0.0,0.0,0.0,0.0,50.0,0.0,0.0
0.0,0.0,0.0,0.0,60.0,0.0,0.0,0.0,0.0,0.0
0.0,0.0,0.0,0.0,0.0,0.0,0.0,0.0,80.0,0.0
40.0,0.0,0.0,0.0,0.0,0.0,0.0,0.0,0.0,0.0
0.0,0.0,0.0,0.0,0.0,0.0,0.0,50.0,0.0,0.0
0.0,0.0,0.0,0.0,70.0,0.0,0.0,0.0,0.0,0.0
0.0,40.0,0.0,0.0,0.0,0.0,0.0,0.0,0.0,0.0
0.0,0.0,90.0,0.0,0.0,0.0,0.0,0.0,0.0,0.0
0.0,80.0,0.0,0.0,0.0,0.0,0.0,0.0,0.0,0.0
0.0,0.0,0.0,60.0,0.0,0.0,0.0,0.0,0.0,0.0
0.0,0.0,0.0,0.0,0.0,50.0,0.0,0.0,0.0,0.0
0.0,0.0,0.0,0.0,0.0,70.0,0.0,0.0,0.0,0.0
0.0,100.0,0.0,0.0,0.0,0.0,0.0,0.0,0.0,0.0
80.0,0.0,0.0,0.0,0.0,0.0,0.0,0.0,0.0,0.0
0.0,0.0,0.0,0.0,0.0,0.0,0.0,0.0,100.0,0.0
0.0,0.0,0.0,0.0,0.0,0.0,0.0,60.0,0.0,0.0
0.0,0.0,0.0,0.0,0.0,0.0,70.0,0.0,0.0,0.0
0.0,0.0,80.0,0.0,0.0,0.0,0.0,0.0,0.0,0.0
0.0,0.0,90.0,0.0,0.0,0.0,0.0,0.0,0.0,0.0
0.0,90.0,0.0,0.0,0.0,0.0,0.0,0.0,0.0,0.0
0.0,80.0,0.0,0.0,0.0,0.0,0.0,0.0,0.0,0.0
0.0,0.0,0.0,40.0,0.0,0.0,0.0,0.0,0.0,0.0
0.0,0.0,0.0,0.0,0.0,0.0,90.0,0.0,0.0,0.0
0.0,0.0,0.0,50.0,0.0,0.0,0.0,0.0,0.0,0.0
0.0,0.0,0.0,0.0,0.0,0.0,50.0,0.0,0.0,0.0
0.0,70.0,0.0,0.0,0.0,0.0,0.0,0.0,0.0,0.0
0.0,0.0,0.0,0.0,0.0,0.0,0.0,0.0,40.0,0.0
70.0,0.0,0.0,0.0,0.0,0.0,0.0,0.0,0.0,0.0
0.0,0.0,0.0,0.0,0.0,0.0,60.0,0.0,0.0,0.0
0.0,90.0,0.0,0.0,0.0,0.0,0.0,0.0,0.0,0.0
0.0,0.0,0.0,0.0,0.0,0.0,0.0,0.0,0.0,70.0
0.0,40.0,0.0,0.0,0.0,0.0,0.0,0.0,0.0,0.0
90.0,0.0,0.0,0.0,0.0,0.0,0.0,0.0,0.0,0.0
0.0,80.0,0.0,0.0,0.0,0.0,0.0,0.0,0.0,0.0
0.0,0.0,0.0,0.0,0.0,100.0,0.0,0.0,0.0,0.0
0.0,0.0,80.0,0.0,0.0,0.0,0.0,0.0,0.0,0.0
0.0,0.0,0.0,0.0,0.0,0.0,0.0,0.0,100.0,0.0
0.0,0.0,0.0,60.0,0.0,0.0,0.0,0.0,0.0,0.0
0.0,60.0,0.0,0.0,0.0,0.0,0.0,0.0,0.0,0.0
0.0,0.0,0.0,0.0,0.0,0.0,0.0,0.0,50.0,0.0
0.0,0.0,0.0,0.0,0.0,40.0,0.0,0.0,0.0,0.0
0.0,0.0,0.0,0.0,0.0,100.0,0.0,0.0,0.0,0.0
0.0,0.0,0.0,0.0,0.0,0.0,0.0,70.0,0.0,0.0
0.0,0.0,0.0,0.0,0.0,0.0,0.0,0.0,40.0,0.0
0.0,0.0,70.0,0.0,0.0,0.0,0.0,0.0,0.0,0.0
90.0,0.0,0.0,0.0,0.0,0.0,0.0,0.0,0.0,0.0
0.0,0.0,0.0,0.0,0.0,0.0,0.0,0.0,0.0,50.0
0.0,0.0,0.0,0.0,0.0,0.0,0.0,0.0,0.0,100.0
0.0,0.0,60.0,0.0,0.0,0.0,0.0,0.0,0.0,0.0
0.0,0.0,0.0,0.0,0.0,40.0,0.0,0.0,0.0,0.0
0.0,0.0,0.0,0.0,70.0,0.0,0.0,0.0,0.0,0.0
0.0,0.0,0.0,0.0,50.0,0.0,0.0,0.0,0.0,0.0
0.0,0.0,0.0,0.0,0.0,0.0,0.0,0.0,0.0,80.0
0.0,60.0,0.0,0.0,0.0,0.0,0.0,0.0,0.0,0.0
0.0,0.0,60.0,0.0,0.0,0.0,0.0,0.0,0.0,0.0
50.0,0.0,0.0,0.0,0.0,0.0,0.0,0.0,0.0,0.0
0.0,0.0,0.0,0.0,0.0,0.0,100.0,0.0,0.0,0.0
0.0,0.0,0.0,0.0,0.0,0.0,0.0,0.0,70.0,0.0
0.0,0.0,0.0,0.0,0.0,0.0,0.0,0.0,0.0,50.0
60.0,0.0,0.0,0.0,0.0,0.0,0.0,0.0,0.0,0.0
0.0,0.0,0.0,0.0,50.0,0.0,0.0,0.0,0.0,0.0
0.0,60.0,0.0,0.0,0.0,0.0,0.0,0.0,0.0,0.0
0.0,0.0,0.0,0.0,0.0,0.0,60.0,0.0,0.0,0.0
50.0,0.0,0.0,0.0,0.0,0.0,0.0,0.0,0.0,0.0
40.0,0.0,0.0,0.0,0.0,0.0,0.0,0.0,0.0,0.0
0.0,0.0,0.0,40.0,0.0,0.0,0.0,0.0,0.0,0.0
0.0,0.0,0.0,0.0,0.0,0.0,0.0,60.0,0.0,0.0
0.0,0.0,0.0,80.0,0.0,0.0,0.0,0.0,0.0,0.0
0.0,0.0,0.0,0.0,0.0,0.0,0.0,0.0,0.0,60.0
0.0,0.0,0.0,0.0,0.0,0.0,0.0,0.0,80.0,0.0
100.0,0.0,0.0,0.0,0.0,0.0,0.0,0.0,0.0,0.0
0.0,0.0,0.0,0.0,60.0,0.0,0.0,0.0,0.0,0.0
0.0,0.0,0.0,0.0,70.0,0.0,0.0,0.0,0.0,0.0
0.0,60.0,0.0,0.0,0.0,0.0,0.0,0.0,0.0,0.0
0.0,0.0,0.0,0.0,0.0,0.0,0.0,40.0,0.0,0.0
0.0,0.0,0.0,0.0,60.0,0.0,0.0,0.0,0.0,0.0
0.0,60.0,0.0,0.0,0.0,0.0,0.0,0.0,0.0,0.0
60.0,0.0,0.0,0.0,0.0,0.0,0.0,0.0,0.0,0.0
0.0,0.0,0.0,0.0,0.0,70.0,0.0,0.0,0.0,0.0
0.0,0.0,100.0,0.0,0.0,0.0,0.0,0.0,0.0,0.0
0.0,0.0,0.0,0.0,0.0,0.0,70.0,0.0,0.0,0.0
0.0,90.0,0.0,0.0,0.0,0.0,0.0,0.0,0.0,0.0
0.0,0.0,100.0,0.0,0.0,0.0,0.0,0.0,0.0,0.0
0.0,0.0,0.0,50.0,0.0,0.0,0.0,0.0,0.0,0.0
0.0,0.0,100.0,0.0,0.0,0.0,0.0,0.0,0.0,0.0
0.0,0.0,0.0,0.0,0.0,0.0,0.0,0.0,0.0,100.0
0.0,0.0,0.0,100.0,0.0,0.0,0.0,0.0,0.0,0.0
0.0,0.0,0.0,0.0,0.0,0.0,40.0,0.0,0.0,0.0
0.0,40.0,0.0,0.0,0.0,0.0,0.0,0.0,0.0,0.0
0.0,0.0,0.0,0.0,0.0,0.0,90.0,0.0,0.0,0.0
0.0,0.0,0.0,0.0,0.0,0.0,0.0,50.0,0.0,0.0
0.0,0.0,0.0,0.0,0.0,0.0,0.0,70.0,0.0,0.0
0.0,0.0,0.0,0.0,0.0,0.0,0.0,0.0,0.0,100.0
0.0,80.0,0.0,0.0,0.0,0.0,0.0,0.0,0.0,0.0
0.0,0.0,0.0,100.0,0.0,0.0,0.0,0.0,0.0,0.0
0.0,0.0,0.0,0.0,0.0,0.0,0.0,0.0,80.0,0.0
0.0,0.0,0.0,0.0,0.0,0.0,0.0,0.0,0.0,70.0
0.0,80.0,0.0,0.0,0.0,0.0,0.0,0.0,0.0,0.0
0.0,0.0,0.0,0.0,0.0,0.0,0.0,40.0,0.0,0.0
0.0,0.0,0.0,0.0,0.0,0.0,0.0,80.0,0.0,0.0
0.0,0.0,0.0,0.0,0.0,0.0,0.0,0.0,70.0,0.0
0.0,0.0,0.0,0.0,0.0,100.0,0.0,0.0,0.0,0.0
0.0,0.0,0.0,0.0,0.0,0.0,80.0,0.0,0.0,0.0
0.0,0.0,0.0,0.0,0.0,0.0,50.0,0.0,0.0,0.0
0.0,0.0,0.0,0.0,0.0,0.0,0.0,0.0,0.0,50.0
0.0,0.0,0.0,0.0,0.0,0.0,0.0,100.0,0.0,0.0
70.0,0.0,0.0,0.0,0.0,0.0,0.0,0.0,0.0,0.0
0.0,0.0,0.0,0.0,80.0,0.0,0.0,0.0,0.0,0.0
0.0,0.0,90.0,0.0,0.0,0.0,0.0,0.0,0.0,0.0
0.0,0.0,0.0,0.0,0.0,40.0,0.0,0.0,0.0,0.0
0.0,0.0,0.0,0.0,0.0,0.0,0.0,0.0,40.0,0.0
0.0,0.0,0.0,70.0,0.0,0.0,0.0,0.0,0.0,0.0
0.0,0.0,0.0,0.0,0.0,0.0,0.0,0.0,100.0,0.0
0.0,0.0,0.0,0.0,0.0,0.0,90.0,0.0,0.0,0.0
0.0,0.0,0.0,0.0,0.0,0.0,40.0,0.0,0.0,0.0
0.0,0.0,0.0,50.0,0.0,0.0,0.0,0.0,0.0,0.0
0.0,0.0,0.0,50.0,0.0,0.0,0.0,0.0,0.0,0.0
0.0,0.0,0.0,0.0,0.0,0.0,0.0,0.0,50.0,0.0
0.0,0.0,0.0,0.0,0.0,0.0,0.0,0.0,0.0,90.0
60.0,0.0,0.0,0.0,0.0,0.0,0.0,0.0,0.0,0.0
80.0,0.0,0.0,0.0,0.0,0.0,0.0,0.0,0.0,0.0
0.0,0.0,90.0,0.0,0.0,0.0,0.0,0.0,0.0,0.0
0.0,0.0,0.0,0.0,0.0,0.0,60.0,0.0,0.0,0.0
0.0,0.0,0.0,0.0,40.0,0.0,0.0,0.0,0.0,0.0
0.0,0.0,0.0,100.0,0.0,0.0,0.0,0.0,0.0,0.0
0.0,0.0,0.0,0.0,0.0,0.0,0.0,0.0,0.0,50.0
0.0,0.0,0.0,0.0,0.0,0.0,0.0,0.0,0.0,90.0
0.0,0.0,0.0,0.0,0.0,0.0,0.0,0.0,70.0,0.0
40.0,0.0,0.0,0.0,0.0,0.0,0.0,0.0,0.0,0.0
0.0,0.0,40.0,0.0,0.0,0.0,0.0,0.0,0.0,0.0
40.0,0.0,0.0,0.0,0.0,0.0,0.0,0.0,0.0,0.0
0.0,0.0,0.0,0.0,0.0,0.0,50.0,0.0,0.0,0.0
0.0,0.0,0.0,40.0,0.0,0.0,0.0,0.0,0.0,0.0
70.0,0.0,0.0,0.0,0.0,0.0,0.0,0.0,0.0,0.0
0.0,0.0,0.0,0.0,0.0,0.0,0.0,0.0,70.0,0.0
0.0,100.0,0.0,0.0,0.0,0.0,0.0,0.0,0.0,0.0
0.0,0.0,0.0,0.0,0.0,0.0,0.0,70.0,0.0,0.0
0.0,0.0,0.0,0.0,0.0,0.0,0.0,70.0,0.0,0.0
0.0,0.0,80.0,0.0,0.0,0.0,0.0,0.0,0.0,0.0
0.0,80.0,0.0,0.0,0.0,0.0,0.0,0.0,0.0,0.0
0.0,0.0,0.0,0.0,0.0,100.0,0.0,0.0,0.0,0.0
0.0,0.0,0.0,0.0,0.0,0.0,0.0,0.0,0.0,70.0
0.0,0.0,0.0,0.0,0.0,0.0,0.0,0.0,100.0,0.0
0.0,0.0,50.0,0.0,0.0,0.0,0.0,0.0,0.0,0.0
0.0,0.0,0.0,0.0,0.0,0.0,40.0,0.0,0.0,0.0
0.0,0.0,60.0,0.0,0.0,0.0,0.0,0.0,0.0,0.0
0.0,0.0,0.0,0.0,0.0,0.0,0.0,70.0,0.0,0.0
0.0,0.0,0.0,0.0,50.0,0.0,0.0,0.0,0.0,0.0
50.0,0.0,0.0,0.0,0.0,0.0,0.0,0.0,0.0,0.0
0.0,0.0,0.0,0.0,0.0,50.0,0.0,0.0,0.0,0.0
0.0,0.0,50.0,0.0,0.0,0.0,0.0,0.0,0.0,0.0
0.0,0.0,90.0,0.0,0.0,0.0,0.0,0.0,0.0,0.0
0.0,50.0,0.0,0.0,0.0,0.0,0.0,0.0,0.0,0.0
0.0,0.0,0.0,0.0,0.0,0.0,0.0,50.0,0.0,0.0
0.0,0.0,0.0,0.0,0.0,0.0,0.0,0.0,50.0,0.0
90.0,0.0,0.0,0.0,0.0,0.0,0.0,0.0,0.0,0.0
0.0,0.0,90.0,0.0,0.0,0.0,0.0,0.0,0.0,0.0
0.0,0.0,0.0,0.0,0.0,60.0,0.0,0.0,0.0,0.0
0.0,0.0,0.0,0.0,0.0,0.0,60.0,0.0,0.0,0.0
0.0,0.0,0.0,0.0,0.0,0.0,0.0,90.0,0.0,0.0
0.0,0.0,0.0,0.0,0.0,0.0,90.0,0.0,0.0,0.0
0.0,0.0,0.0,40.0,0.0,0.0,0.0,0.0,0.0,0.0
0.0,0.0,0.0,0.0,0.0,0.0,0.0,0.0,100.0,0.0
0.0,60.0,0.0,0.0,0.0,0.0,0.0,0.0,0.0,0.0
0.0,0.0,0.0,40.0,0.0,0.0,0.0,0.0,0.0,0.0
0.0,0.0,0.0,0.0,80.0,0.0,0.0,0.0,0.0,0.0
0.0,0.0,0.0,0.0,0.0,70.0,0.0,0.0,0.0,0.0
0.0,100.0,0.0,0.0,0.0,0.0,0.0,0.0,0.0,0.0
0.0,0.0,0.0,0.0,0.0,0.0,0.0,50.0,0.0,0.0
0.0,0.0,0.0,0.0,0.0,0.0,0.0,100.0,0.0,0.0
0.0,0.0,0.0,0.0,0.0,0.0,0.0,0.0,80.0,0.0
0.0,0.0,0.0,100.0,0.0,0.0,0.0,0.0,0.0,0.0
0.0,0.0,0.0,0.0,0.0,0.0,0.0,0.0,90.0,0.0
0.0,0.0,0.0,0.0,0.0,0.0,0.0,0.0,80.0,0.0
0.0,0.0,0.0,0.0,0.0,0.0,50.0,0.0,0.0,0.0
0.0,90.0,0.0,0.0,0.0,0.0,0.0,0.0,0.0,0.0
0.0,0.0,0.0,0.0,0.0,0.0,40.0,0.0,0.0,0.0
0.0,0.0,80.0,0.0,0.0,0.0,0.0,0.0,0.0,0.0
60.0,0.0,0.0,0.0,0.0,0.0,0.0,0.0,0.0,0.0
0.0,0.0,0.0,0.0,0.0,50.0,0.0,0.0,0.0,0.0
0.0,0.0,50.0,0.0,0.0,0.0,0.0,0.0,0.0,0.0
0.0,0.0,0.0,0.0,0.0,0.0,0.0,0.0,0.0,80.0
90.0,0.0,0.0,0.0,0.0,0.0,0.0,0.0,0.0,0.0
0.0,0.0,0.0,0.0,0.0,0.0,90.0,0.0,0.0,0.0
0.0,40.0,0.0,0.0,0.0,0.0,0.0,0.0,0.0,0.0
0.0,0.0,0.0,80.0,0.0,0.0,0.0,0.0,0.0,0.0
0.0,0.0,0.0,0.0,0.0,0.0,0.0,60.0,0.0,0.0
0.0,0.0,0.0,0.0,0.0,0.0,0.0,0.0,0.0,100.0
0.0,0.0,0.0,0.0,40.0,0.0,0.0,0.0,0.0,0.0
0.0,0.0,0.0,0.0,40.0,0.0,0.0,0.0,0.0,0.0
0.0,40.0,0.0,0.0,0.0,0.0,0.0,0.0,0.0,0.0
0.0,0.0,0.0,0.0,0.0,0.0,0.0,0.0,100.0,0.0
0.0,0.0,0.0,0.0,0.0,0.0,0.0,0.0,90.0,0.0
0.0,0.0,0.0,0.0,0.0,70.0,0.0,0.0,0.0,0.0
0.0,0.0,0.0,0.0,0.0,0.0,0.0,70.0,0.0,0.0
50.0,0.0,0.0,0.0,0.0,0.0,0.0,0.0,0.0,0.0
0.0,100.0,0.0,0.0,0.0,0.0,0.0,0.0,0.0,0.0
0.0,0.0,0.0,0.0,0.0,0.0,90.0,0.0,0.0,0.0
0.0,0.0,0.0,0.0,0.0,0.0,80.0,0.0,0.0,0.0
0.0,0.0,0.0,0.0,0.0,0.0,0.0,0.0,40.0,0.0
0.0,70.0,0.0,0.0,0.0,0.0,0.0,0.0,0.0,0.0
90.0,0.0,0.0,0.0,0.0,0.0,0.0,0.0,0.0,0.0
0.0,0.0,0.0,0.0,0.0,0.0,70.0,0.0,0.0,0.0
0.0,0.0,100.0,0.0,0.0,0.0,0.0,0.0,0.0,0.0
70.0,0.0,0.0,0.0,0.0,0.0,0.0,0.0,0.0,0.0
0.0,80.0,0.0,0.0,0.0,0.0,0.0,0.0,0.0,0.0
0.0,0.0,0.0,0.0,0.0,70.0,0.0,0.0,0.0,0.0
0.0,0.0,0.0,0.0,0.0,0.0,0.0,0.0,0.0,90.0
0.0,0.0,0.0,40.0,0.0,0.0,0.0,0.0,0.0,0.0
0.0,0.0,0.0,0.0,0.0,60.0,0.0,0.0,0.0,0.0
0.0,0.0,0.0,50.0,0.0,0.0,0.0,0.0,0.0,0.0
0.0,0.0,0.0,0.0,90.0,0.0,0.0,0.0,0.0,0.0
0.0,0.0,0.0,0.0,0.0,0.0,0.0,0.0,80.0,0.0
0.0,0.0,0.0,0.0,0.0,100.0,0.0,0.0,0.0,0.0
0.0,0.0,0.0,0.0,0.0,0.0,0.0,0.0,80.0,0.0
0.0,0.0,70.0,0.0,0.0,0.0,0.0,0.0,0.0,0.0
0.0,0.0,0.0,0.0,80.0,0.0,0.0,0.0,0.0,0.0
0.0,0.0,0.0,0.0,0.0,0.0,0.0,0.0,0.0,80.0
0.0,0.0,0.0,0.0,0.0,80.0,0.0,0.0,0.0,0.0
0.0,0.0,0.0,100.0,0.0,0.0,0.0,0.0,0.0,0.0
0.0,0.0,0.0,0.0,0.0,0.0,0.0,100.0,0.0,0.0
0.0,0.0,0.0,0.0,0.0,0.0,100.0,0.0,0.0,0.0
0.0,0.0,0.0,0.0,0.0,0.0,50.0,0.0,0.0,0.0
0.0,0.0,0.0,60.0,0.0,0.0,0.0,0.0,0.0,0.0
0.0,0.0,0.0,0.0,0.0,0.0,90.0,0.0,0.0,0.0
0.0,0.0,60.0,0.0,0.0,0.0,0.0,0.0,0.0,0.0
0.0,0.0,0.0,0.0,0.0,0.0,0.0,0.0,0.0,60.0
0.0,0.0,0.0,0.0,0.0,0.0,90.0,0.0,0.0,0.0
0.0,0.0,0.0,0.0,0.0,80.0,0.0,0.0,0.0,0.0
0.0,0.0,0.0,0.0,0.0,0.0,0.0,80.0,0.0,0.0
0.0,0.0,0.0,0.0,80.0,0.0,0.0,0.0,0.0,0.0
60.0,0.0,0.0,0.0,0.0,0.0,0.0,0.0,0.0,0.0
0.0,0.0,0.0,0.0,0.0,0.0,0.0,0.0,0.0,40.0
0.0,0.0,0.0,70.0,0.0,0.0,0.0,0.0,0.0,0.0
90.0,0.0,0.0,0.0,0.0,0.0,0.0,0.0,0.0,0.0
0.0,90.0,0.0,0.0,0.0,0.0,0.0,0.0,0.0,0.0
0.0,0.0,0.0,0.0,0.0,0.0,90.0,0.0,0.0,0.0
0.0,90.0,0.0,0.0,0.0,0.0,0.0,0.0,0.0,0.0
0.0,0.0,0.0,0.0,60.0,0.0,0.0,0.0,0.0,0.0
0.0,0.0,0.0,0.0,0.0,0.0,0.0,0.0,0.0,80.0
80.0,0.0,0.0,0.0,0.0,0.0,0.0,0.0,0.0,0.0
0.0,0.0,0.0,0.0,0.0,100.0,0.0,0.0,0.0,0.0
0.0,0.0,0.0,0.0,0.0,0.0,60.0,0.0,0.0,0.0
0.0,0.0,0.0,0.0,0.0,0.0,0.0,0.0,0.0,60.0
0.0,0.0,0.0,0.0,0.0,90.0,0.0,0.0,0.0,0.0
90.0,0.0,0.0,0.0,0.0,0.0,0.0,0.0,0.0,0.0
0.0,0.0,40.0,0.0,0.0,0.0,0.0,0.0,0.0,0.0
0.0,70.0,0.0,0.0,0.0,0.0,0.0,0.0,0.0,0.0
0.0,70.0,0.0,0.0,0.0,0.0,0.0,0.0,0.0,0.0
0.0,0.0,0.0,0.0,0.0,0.0,0.0,0.0,0.0,80.0
0.0,0.0,0.0,0.0,40.0,0.0,0.0,0.0,0.0,0.0
0.0,0.0,0.0,0.0,0.0,60.0,0.0,0.0,0.0,0.0
0.0,60.0,0.0,0.0,0.0,0.0,0.0,0.0,0.0,0.0
0.0,0.0,0.0,0.0,0.0,0.0,100.0,0.0,0.0,0.0
0.0,0.0,0.0,0.0,90.0,0.0,0.0,0.0,0.0,0.0
0.0,0.0,0.0,0.0,50.0,0.0,0.0,0.0,0.0,0.0
0.0,0.0,0.0,0.0,0.0,80.0,0.0,0.0,0.0,0.0
0.0,0.0,0.0,0.0,50.0,0.0,0.0,0.0,0.0,0.0
0.0,0.0,0.0,0.0,80.0,0.0,0.0,0.0,0.0,0.0
0.0,0.0,0.0,0.0,0.0,0.0,0.0,0.0,50.0,0.0
0.0,0.0,0.0,0.0,0.0,0.0,40.0,0.0,0.0,0.0
0.0,0.0,0.0,0.0,0.0,0.0,0.0,0.0,60.0,0.0
0.0,0.0,0.0,0.0,0.0,0.0,0.0,50.0,0.0,0.0
0.0,0.0,0.0,0.0,0.0,0.0,90.0,0.0,0.0,0.0
0.0,0.0,60.0,0.0,0.0,0.0,0.0,0.0,0.0,0.0
0.0,0.0,0.0,0.0,0.0,0.0,0.0,40.0,0.0,0.0
0.0,0.0,0.0,0.0,90.0,0.0,0.0,0.0,0.0,0.0
0.0,0.0,0.0,80.0,0.0,0.0,0.0,0.0,0.0,0.0
80.0,0.0,0.0,0.0,0.0,0.0,0.0,0.0,0.0,0.0
0.0,0.0,0.0,0.0,0.0,0.0,0.0,60.0,0.0,0.0
0.0,0.0,0.0,0.0,0.0,0.0,0.0,0.0,0.0,50.0
0.0,0.0,0.0,0.0,0.0,0.0,0.0,0.0,90.0,0.0
0.0,0.0,0.0,0.0,0.0,0.0,60.0,0.0,0.0,0.0
0.0,0.0,0.0,0.0,50.0,0.0,0.0,0.0,0.0,0.0
0.0,0.0,0.0,0.0,0.0,60.0,0.0,0.0,0.0,0.0
0.0,0.0,40.0,0.0,0.0,0.0,0.0,0.0,0.0,0.0
0.0,0.0,0.0,0.0,0.0,0.0,0.0,90.0,0.0,0.0
0.0,0.0,0.0,90.0,0.0,0.0,0.0,0.0,0.0,0.0
0.0,0.0,0.0,0.0,0.0,0.0,0.0,0.0,70.0,0.0
0.0,0.0,0.0,0.0,0.0,90.0,0.0,0.0,0.0,0.0
0.0,0.0,0.0,0.0,0.0,0.0,0.0,0.0,0.0,80.0
0.0,0.0,0.0,0.0,0.0,60.0,0.0,0.0,0.0,0.0
0.0,0.0,0.0,0.0,80.0,0.0,0.0,0.0,0.0,0.0
0.0,0.0,0.0,50.0,0.0,0.0,0.0,0.0,0.0,0.0
0.0,0.0,0.0,0.0,0.0,0.0,0.0,90.0,0.0,0.0
0.0,0.0,0.0,0.0,0.0,80.0,0.0,0.0,0.0,0.0
0.0,0.0,0.0,0.0,0.0,0.0,0.0,90.0,0.0,0.0
0.0,0.0,0.0,0.0,0.0,0.0,0.0,0.0,90.0,0.0
0.0,0.0,0.0,70.0,0.0,0.0,0.0,0.0,0.0,0.0
100.0,0.0,0.0,0.0,0.0,0.0,0.0,0.0,0.0,0.0
0.0,0.0,90.0,0.0,0.0,0.0,0.0,0.0,0.0,0.0
0.0,90.0,0.0,0.0,0.0,0.0,0.0,0.0,0.0,0.0
0.0,0.0,100.0,0.0,0.0,0.0,0.0,0.0,0.0,0.0
0.0,0.0,0.0,90.0,0.0,0.0,0.0,0.0,0.0,0.0
0.0,0.0,0.0,50.0,0.0,0.0,0.0,0.0,0.0,0.0
0.0,0.0,0.0,0.0,0.0,0.0,0.0,50.0,0.0,0.0
0.0,0.0,0.0,0.0,0.0,0.0,0.0,0.0,0.0,80.0
0.0,0.0,0.0,0.0,0.0,0.0,0.0,0.0,0.0,50.0
0.0,0.0,0.0,0.0,100.0,0.0,0.0,0.0,0.0,0.0
0.0,0.0,0.0,0.0,0.0,0.0,0.0,0.0,0.0,50.0
0.0,0.0,0.0,0.0,0.0,0.0,0.0,0.0,70.0,0.0
0.0,0.0,0.0,0.0,90.0,0.0,0.0,0.0,0.0,0.0
0.0,0.0,0.0,0.0,60.0,0.0,0.0,0.0,0.0,0.0
0.0,40.0,0.0,0.0,0.0,0.0,0.0,0.0,0.0,0.0
0.0,0.0,0.0,0.0,0.0,90.0,0.0,0.0,0.0,0.0
0.0,40.0,0.0,0.0,0.0,0.0,0.0,0.0,0.0,0.0
0.0,0.0,50.0,0.0,0.0,0.0,0.0,0.0,0.0,0.0
0.0,0.0,0.0,0.0,0.0,0.0,100.0,0.0,0.0,0.0
0.0,0.0,0.0,0.0,0.0,0.0,0.0,0.0,100.0,0.0
0.0,0.0,0.0,0.0,90.0,0.0,0.0,0.0,0.0,0.0
0.0,0.0,0.0,0.0,0.0,0.0,0.0,0.0,60.0,0.0
0.0,0.0,0.0,0.0,0.0,0.0,0.0,0.0,80.0,0.0
70.0,0.0,0.0,0.0,0.0,0.0,0.0,0.0,0.0,0.0
0.0,0.0,0.0,0.0,0.0,70.0,0.0,0.0,0.0,0.0
100.0,0.0,0.0,0.0,0.0,0.0,0.0,0.0,0.0,0.0
50.0,0.0,0.0,0.0,0.0,0.0,0.0,0.0,0.0,0.0
0.0,0.0,0.0,100.0,0.0,0.0,0.0,0.0,0.0,0.0
0.0,0.0,60.0,0.0,0.0,0.0,0.0,0.0,0.0,0.0
0.0,0.0,0.0,0.0,0.0,0.0,60.0,0.0,0.0,0.0
0.0,0.0,0.0,0.0,40.0,0.0,0.0,0.0,0.0,0.0
0.0,0.0,0.0,0.0,0.0,0.0,0.0,0.0,0.0,60.0
0.0,0.0,40.0,0.0,0.0,0.0,0.0,0.0,0.0,0.0
0.0,0.0,0.0,0.0,70.0,0.0,0.0,0.0,0.0,0.0
0.0,0.0,0.0,0.0,0.0,60.0,0.0,0.0,0.0,0.0
0.0,0.0,0.0,0.0,0.0,0.0,0.0,0.0,100.0,0.0
0.0,0.0,0.0,0.0,90.0,0.0,0.0,0.0,0.0,0.0
0.0,0.0,0.0,0.0,0.0,0.0,0.0,0.0,0.0,40.0
0.0,0.0,0.0,0.0,0.0,0.0,60.0,0.0,0.0,0.0
0.0,0.0,0.0,60.0,0.0,0.0,0.0,0.0,0.0,0.0
0.0,0.0,0.0,0.0,40.0,0.0,0.0,0.0,0.0,0.0
0.0,0.0,0.0,0.0,0.0,0.0,50.0,0.0,0.0,0.0
0.0,0.0,0.0,0.0,40.0,0.0,0.0,0.0,0.0,0.0
0.0,0.0,0.0,0.0,0.0,0.0,50.0,0.0,0.0,0.0
0.0,0.0,0.0,80.0,0.0,0.0,0.0,0.0,0.0,0.0
0.0,0.0,0.0,0.0,0.0,0.0,0.0,60.0,0.0,0.0
0.0,0.0,60.0,0.0,0.0,0.0,0.0,0.0,0.0,0.0
0.0,0.0,0.0,0.0,0.0,0.0,0.0,40.0,0.0,0.0
0.0,70.0,0.0,0.0,0.0,0.0,0.0,0.0,0.0,0.0
0.0,0.0,0.0,0.0,0.0,0.0,0.0,0.0,0.0,90.0
0.0,100.0,0.0,0.0,0.0,0.0,0.0,0.0,0.0,0.0
0.0,0.0,0.0,40.0,0.0,0.0,0.0,0.0,0.0,0.0
0.0,0.0,0.0,0.0,0.0,0.0,0.0,0.0,80.0,0.0
0.0,0.0,0.0,90.0,0.0,0.0,0.0,0.0,0.0,0.0
0.0,80.0,0.0,0.0,0.0,0.0,0.0,0.0,0.0,0.0
0.0,0.0,0.0,0.0,0.0,0.0,50.0,0.0,0.0,0.0
0.0,0.0,0.0,0.0,0.0,0.0,0.0,0.0,0.0,80.0
0.0,0.0,0.0,0.0,0.0,0.0,100.0,0.0,0.0,0.0
0.0,0.0,0.0,60.0,0.0,0.0,0.0,0.0,0.0,0.0
0.0,0.0,0.0,0.0,70.0,0.0,0.0,0.0,0.0,0.0
0.0,40.0,0.0,0.0,0.0,0.0,0.0,0.0,0.0,0.0
100.0,0.0,0.0,0.0,0.0,0.0,0.0,0.0,0.0,0.0
0.0,0.0,0.0,0.0,0.0,0.0,90.0,0.0,0.0,0.0
0.0,0.0,0.0,0.0,0.0,0.0,0.0,0.0,0.0,40.0
0.0,0.0,70.0,0.0,0.0,0.0,0.0,0.0,0.0,0.0
0.0,0.0,0.0,100.0,0.0,0.0,0.0,0.0,0.0,0.0
0.0,0.0,0.0,0.0,0.0,0.0,60.0,0.0,0.0,0.0
0.0,0.0,90.0,0.0,0.0,0.0,0.0,0.0,0.0,0.0
0.0,0.0,0.0,0.0,0.0,70.0,0.0,0.0,0.0,0.0
0.0,0.0,0.0,0.0,0.0,0.0,0.0,50.0,0.0,0.0
0.0,0.0,0.0,40.0,0.0,0.0,0.0,0.0,0.0,0.0
0.0,0.0,0.0,0.0,0.0,0.0,0.0,0.0,0.0,80.0
0.0,0.0,0.0,70.0,0.0,0.0,0.0,0.0,0.0,0.0
0.0,0.0,0.0,0.0,0.0,0.0,0.0,70.0,0.0,0.0
0.0,0.0,0.0,0.0,0.0,0.0,0.0,0.0,0.0,70.0
0.0,0.0,0.0,0.0,50.0,0.0,0.0,0.0,0.0,0.0
0.0,0.0,70.0,0.0,0.0,0.0,0.0,0.0,0.0,0.0
0.0,0.0,0.0,0.0,0.0,0.0,40.0,0.0,0.0,0.0
0.0,70.0,0.0,0.0,0.0,0.0,0.0,0.0,0.0,0.0
0.0,0.0,0.0,0.0,0.0,0.0,0.0,0.0,0.0,50.0
0.0,0.0,0.0,0.0,0.0,0.0,0.0,50.0,0.0,0.0
0.0,0.0,0.0,0.0,0.0,0.0,0.0,0.0,0.0,50.0
0.0,0.0,0.0,0.0,0.0,0.0,0.0,40.0,0.0,0.0
0.0,50.0,0.0,0.0,0.0,0.0,0.0,0.0,0.0,0.0
0.0,0.0,0.0,0.0,0.0,0.0,0.0,60.0,0.0,0.0
0.0,0.0,0.0,40.0,0.0,0.0,0.0,0.0,0.0,0.0
0.0,0.0,60.0,0.0,0.0,0.0,0.0,0.0,0.0,0.0
0.0,0.0,0.0,0.0,50.0,0.0,0.0,0.0,0.0,0.0
0.0,0.0,0.0,70.0,0.0,0.0,0.0,0.0,0.0,0.0
0.0,0.0,0.0,0.0,0.0,0.0,0.0,0.0,0.0,60.0
0.0,0.0,0.0,0.0,0.0,0.0,0.0,0.0,0.0,90.0
0.0,0.0,0.0,0.0,0.0,0.0,80.0,0.0,0.0,0.0
0.0,0.0,0.0,0.0,0.0,0.0,0.0,0.0,60.0,0.0
70.0,0.0,0.0,0.0,0.0,0.0,0.0,0.0,0.0,0.0
0.0,0.0,0.0,0.0,0.0,0.0,0.0,0.0,80.0,0.0
0.0,0.0,0.0,0.0,0.0,0.0,0.0,0.0,0.0,60.0
0.0,0.0,0.0,0.0,0.0,60.0,0.0,0.0,0.0,0.0
0.0,0.0,0.0,0.0,0.0,0.0,80.0,0.0,0.0,0.0
0.0,0.0,0.0,0.0,0.0,0.0,0.0,0.0,0.0,50.0
0.0,0.0,0.0,0.0,0.0,0.0,0.0,0.0,90.0,0.0
0.0,0.0,0.0,0.0,0.0,0.0,0.0,0.0,0.0,80.0
0.0,0.0,0.0,0.0,0.0,0.0,0.0,0.0,0.0,80.0
0.0,80.0,0.0,0.0,0.0,0.0,0.0,0.0,0.0,0.0
0.0,0.0,0.0,0.0,0.0,0.0,50.0,0.0,0.0,0.0
0.0,80.0,0.0,0.0,0.0,0.0,0.0,0.0,0.0,0.0
0.0,0.0,0.0,0.0,0.0,0.0,0.0,70.0,0.0,0.0
0.0,0.0,0.0,0.0,90.0,0.0,0.0,0.0,0.0,0.0
0.0,0.0,0.0,0.0,0.0,0.0,0.0,0.0,0.0,40.0
0.0,0.0,0.0,60.0,0.0,0.0,0.0,0.0,0.0,0.0
0.0,0.0,0.0,0.0,100.0,0.0,0.0,0.0,0.0,0.0
0.0,0.0,0.0,0.0,0.0,80.0,0.0,0.0,0.0,0.0
0.0,0.0,0.0,0.0,0.0,0.0,0.0,0.0,50.0,0.0
0.0,0.0,0.0,0.0,0.0,90.0,0.0,0.0,0.0,0.0
0.0,0.0,0.0,0.0,0.0,100.0,0.0,0.0,0.0,0.0
40.0,0.0,0.0,0.0,0.0,0.0,0.0,0.0,0.0,0.0
0.0,0.0,0.0,0.0,0.0,0.0,90.0,0.0,0.0,0.0
0.0,0.0,70.0,0.0,0.0,0.0,0.0,0.0,0.0,0.0
0.0,0.0,0.0,0.0,0.0,0.0,0.0,80.0,0.0,0.0
0.0,0.0,40.0,0.0,0.0,0.0,0.0,0.0,0.0,0.0
50.0,0.0,0.0,0.0,0.0,0.0,0.0,0.0,0.0,0.0
100.0,0.0,0.0,0.0,0.0,0.0,0.0,0.0,0.0,0.0
0.0,0.0,0.0,80.0,0.0,0.0,0.0,0.0,0.0,0.0
70.0,0.0,0.0,0.0,0.0,0.0,0.0,0.0,0.0,0.0
0.0,0.0,0.0,80.0,0.0,0.0,0.0,0.0,0.0,0.0
0.0,0.0,0.0,0.0,0.0,0.0,0.0,0.0,80.0,0.0
0.0,0.0,0.0,0.0,0.0,0.0,70.0,0.0,0.0,0.0
0.0,0.0,0.0,0.0,0.0,0.0,0.0,100.0,0.0,0.0
0.0,0.0,0.0,0.0,0.0,0.0,0.0,0.0,0.0,60.0
0.0,0.0,0.0,0.0,0.0,0.0,0.0,0.0,80.0,0.0
0.0,0.0,0.0,0.0,0.0,40.0,0.0,0.0,0.0,0.0
0.0,0.0,0.0,0.0,0.0,0.0,0.0,50.0,0.0,0.0
0.0,0.0,0.0,0.0,0.0,0.0,60.0,0.0,0.0,0.0
0.0,0.0,0.0,0.0,0.0,0.0,90.0,0.0,0.0,0.0
0.0,50.0,0.0,0.0,0.0,0.0,0.0,0.0,0.0,0.0
0.0,60.0,0.0,0.0,0.0,0.0,0.0,0.0,0.0,0.0
0.0,0.0,0.0,0.0,0.0,0.0,0.0,50.0,0.0,0.0
0.0,0.0,0.0,0.0,0.0,0.0,0.0,0.0,50.0,0.0
0.0,0.0,0.0,0.0,0.0,0.0,0.0,100.0,0.0,0.0
0.0,0.0,0.0,0.0,0.0,0.0,0.0,0.0,0.0,60.0
0.0,0.0,0.0,50.0,0.0,0.0,0.0,0.0,0.0,0.0
0.0,0.0,0.0,0.0,0.0,0.0,0.0,0.0,40.0,0.0
0.0,0.0,80.0,0.0,0.0,0.0,0.0,0.0,0.0,0.0
0.0,0.0,0.0,0.0,0.0,0.0,0.0,0.0,80.0,0.0
0.0,0.0,0.0,0.0,0.0,0.0,0.0,0.0,0.0,50.0
0.0,0.0,0.0,60.0,0.0,0.0,0.0,0.0,0.0,0.0
0.0,0.0,0.0,60.0,0.0,0.0,0.0,0.0,0.0,0.0
80.0,0.0,0.0,0.0,0.0,0.0,0.0,0.0,0.0,0.0
0.0,0.0,0.0,0.0,100.0,0.0,0.0,0.0,0.0,0.0
40.0,0.0,0.0,0.0,0.0,0.0,0.0,0.0,0.0,0.0
0.0,100.0,0.0,0.0,0.0,0.0,0.0,0.0,0.0,0.0
0.0,0.0,0.0,0.0,100.0,0.0,0.0,0.0,0.0,0.0
90.0,0.0,0.0,0.0,0.0,0.0,0.0,0.0,0.0,0.0
0.0,0.0,0.0,0.0,0.0,0.0,0.0,0.0,0.0,100.0
40.0,0.0,0.0,0.0,0.0,0.0,0.0,0.0,0.0,0.0
0.0,0.0,0.0,0.0,60.0,0.0,0.0,0.0,0.0,0.0
0.0,0.0,0.0,0.0,0.0,0.0,0.0,40.0,0.0,0.0
0.0,0.0,0.0,0.0,0.0,0.0,40.0,0.0,0.0,0.0
0.0,0.0,80.0,0.0,0.0,0.0,0.0,0.0,0.0,0.0
0.0,0.0,0.0,0.0,0.0,0.0,0.0,0.0,0.0,50.0
0.0,0.0,0.0,0.0,0.0,0.0,100.0,0.0,0.0,0.0
0.0,0.0,0.0,0.0,0.0,0.0,0.0,60.0,0.0,0.0
0.0,0.0,0.0,0.0,0.0,100.0,0.0,0.0,0.0,0.0
0.0,0.0,0.0,0.0,40.0,0.0,0.0,0.0,0.0,0.0
0.0,0.0,0.0,0.0,0.0,0.0,0.0,80.0,0.0,0.0
0.0,0.0,0.0,0.0,0.0,0.0,0.0,0.0,40.0,0.0
0.0,0.0,0.0,0.0,0.0,0.0,70.0,0.0,0.0,0.0
0.0,0.0,0.0,0.0,100.0,0.0,0.0,0.0,0.0,0.0
0.0,0.0,0.0,70.0,0.0,0.0,0.0,0.0,0.0,0.0
0.0,0.0,0.0,0.0,0.0,0.0,0.0,70.0,0.0,0.0
0.0,0.0,0.0,0.0,0.0,0.0,0.0,0.0,40.0,0.0
0.0,80.0,0.0,0.0,0.0,0.0,0.0,0.0,0.0,0.0
0.0,80.0,0.0,0.0,0.0,0.0,0.0,0.0,0.0,0.0
0.0,60.0,0.0,0.0,0.0,0.0,0.0,0.0,0.0,0.0
0.0,0.0,0.0,0.0,0.0,50.0,0.0,0.0,0.0,0.0
0.0,0.0,0.0,0.0,0.0,0.0,0.0,0.0,0.0,50.0
0.0,0.0,0.0,50.0,0.0,0.0,0.0,0.0,0.0,0.0
60.0,0.0,0.0,0.0,0.0,0.0,0.0,0.0,0.0,0.0
0.0,0.0,0.0,0.0,0.0,50.0,0.0,0.0,0.0,0.0
0.0,0.0,0.0,0.0,0.0,0.0,0.0,80.0,0.0,0.0
0.0,0.0,0.0,0.0,0.0,0.0,0.0,0.0,70.0,0.0
0.0,0.0,0.0,0.0,0.0,70.0,0.0,0.0,0.0,0.0
0.0,0.0,0.0,50.0,0.0,0.0,0.0,0.0,0.0,0.0
90.0,0.0,0.0,0.0,0.0,0.0,0.0,0.0,0.0,0.0
80.0,0.0,0.0,0.0,0.0,0.0,0.0,0.0,0.0,0.0
90.0,0.0,0.0,0.0,0.0,0.0,0.0,0.0,0.0,0.0
0.0,0.0,0.0,0.0,0.0,100.0,0.0,0.0,0.0,0.0
0.0,0.0,0.0,0.0,0.0,0.0,0.0,0.0,0.0,60.0
0.0,0.0,70.0,0.0,0.0,0.0,0.0,0.0,0.0,0.0
0.0,0.0,50.0,0.0,0.0,0.0,0.0,0.0,0.0,0.0
0.0,0.0,0.0,60.0,0.0,0.0,0.0,0.0,0.0,0.0
0.0,0.0,0.0,0.0,50.0,0.0,0.0,0.0,0.0,0.0
0.0,0.0,0.0,0.0,0.0,0.0,0.0,50.0,0.0,0.0
0.0,0.0,0.0,0.0,0.0,0.0,0.0,0.0,0.0,100.0
0.0,0.0,0.0,0.0,0.0,0.0,0.0,0.0,0.0,90.0
0.0,0.0,40.0,0.0,0.0,0.0,0.0,0.0,0.0,0.0
0.0,0.0,0.0,0.0,0.0,60.0,0.0,0.0,0.0,0.0
0.0,0.0,0.0,0.0,0.0,0.0,100.0,0.0,0.0,0.0
0.0,0.0,50.0,0.0,0.0,0.0,0.0,0.0,0.0,0.0
0.0,0.0,0.0,0.0,0.0,0.0,0.0,0.0,100.0,0.0
0.0,0.0,80.0,0.0,0.0,0.0,0.0,0.0,0.0,0.0
0.0,0.0,0.0,90.0,0.0,0.0,0.0,0.0,0.0,0.0
0.0,0.0,0.0,0.0,0.0,0.0,80.0,0.0,0.0,0.0
0.0,0.0,0.0,0.0,0.0,0.0,70.0,0.0,0.0,0.0
0.0,0.0,0.0,0.0,0.0,0.0,0.0,0.0,0.0,90.0
0.0,0.0,0.0,0.0,0.0,0.0,0.0,40.0,0.0,0.0
0.0,0.0,100.0,0.0,0.0,0.0,0.0,0.0,0.0,0.0
0.0,0.0,0.0,0.0,50.0,0.0,0.0,0.0,0.0,0.0
0.0,0.0,0.0,0.0,0.0,0.0,0.0,0.0,80.0,0.0
90.0,0.0,0.0,0.0,0.0,0.0,0.0,0.0,0.0,0.0
70.0,0.0,0.0,0.0,0.0,0.0,0.0,0.0,0.0,0.0
0.0,0.0,0.0,0.0,0.0,0.0,0.0,50.0,0.0,0.0
0.0,0.0,0.0,0.0,0.0,0.0,100.0,0.0,0.0,0.0
0.0,0.0,40.0,0.0,0.0,0.0,0.0,0.0,0.0,0.0
70.0,0.0,0.0,0.0,0.0,0.0,0.0,0.0,0.0,0.0
0.0,0.0,0.0,0.0,0.0,0.0,0.0,60.0,0.0,0.0
0.0,70.0,0.0,0.0,0.0,0.0,0.0,0.0,0.0,0.0
0.0,40.0,0.0,0.0,0.0,0.0,0.0,0.0,0.0,0.0
0.0,0.0,0.0,0.0,0.0,0.0,50.0,0.0,0.0,0.0
0.0,0.0,100.0,0.0,0.0,0.0,0.0,0.0,0.0,0.0
0.0,0.0,0.0,0.0,80.0,0.0,0.0,0.0,0.0,0.0
0.0,0.0,80.0,0.0,0.0,0.0,0.0,0.0,0.0,0.0
0.0,0.0,0.0,0.0,0.0,0.0,0.0,0.0,90.0,0.0
0.0,0.0,0.0,0.0,0.0,0.0,0.0,0.0,0.0,70.0
0.0,0.0,70.0,0.0,0.0,0.0,0.0,0.0,0.0,0.0
0.0,0.0,0.0,0.0,0.0,70.0,0.0,0.0,0.0,0.0
0.0,0.0,0.0,0.0,0.0,0.0,0.0,0.0,90.0,0.0
0.0,0.0,0.0,0.0,0.0,0.0,40.0,0.0,0.0,0.0
0.0,0.0,0.0,0.0,0.0,0.0,0.0,70.0,0.0,0.0
0.0,0.0,0.0,0.0,0.0,0.0,100.0,0.0,0.0,0.0
0.0,0.0,0.0,0.0,0.0,50.0,0.0,0.0,0.0,0.0
0.0,0.0,0.0,0.0,0.0,0.0,0.0,40.0,0.0,0.0
0.0,0.0,0.0,0.0,0.0,0.0,50.0,0.0,0.0,0.0
0.0,100.0,0.0,0.0,0.0,0.0,0.0,0.0,0.0,0.0
0.0,0.0,0.0,0.0,0.0,0.0,0.0,0.0,0.0,70.0
0.0,0.0,0.0,0.0,0.0,40.0,0.0,0.0,0.0,0.0
0.0,50.0,0.0,0.0,0.0,0.0,0.0,0.0,0.0,0.0
0.0,0.0,0.0,0.0,0.0,0.0,100.0,0.0,0.0,0.0
0.0,0.0,0.0,0.0,0.0,0.0,0.0,0.0,50.0,0.0
0.0,0.0,0.0,0.0,0.0,60.0,0.0,0.0,0.0,0.0
0.0,0.0,0.0,0.0,0.0,0.0,0.0,0.0,0.0,60.0
0.0,0.0,0.0,0.0,0.0,0.0,80.0,0.0,0.0,0.0
0.0,0.0,90.0,0.0,0.0,0.0,0.0,0.0,0.0,0.0
0.0,100.0,0.0,0.0,0.0,0.0,0.0,0.0,0.0,0.0
0.0,90.0,0.0,0.0,0.0,0.0,0.0,0.0,0.0,0.0
0.0,0.0,0.0,0.0,0.0,70.0,0.0,0.0,0.0,0.0
0.0,0.0,0.0,80.0,0.0,0.0,0.0,0.0,0.0,0.0
0.0,0.0,0.0,0.0,0.0,80.0,0.0,0.0,0.0,0.0
0.0,0.0,0.0,0.0,0.0,0.0,0.0,0.0,0.0,60.0
90.0,0.0,0.0,0.0,0.0,0.0,0.0,0.0,0.0,0.0
0.0,0.0,90.0,0.0,0.0,0.0,0.0,0.0,0.0,0.0
0.0,50.0,0.0,0.0,0.0,0.0,0.0,0.0,0.0,0.0
0.0,0.0,0.0,0.0,50.0,0.0,0.0,0.0,0.0,0.0
0.0,0.0,0.0,0.0,0.0,0.0,0.0,90.0,0.0,0.0
40.0,0.0,0.0,0.0,0.0,0.0,0.0,0.0,0.0,0.0
0.0,0.0,70.0,0.0,0.0,0.0,0.0,0.0,0.0,0.0
0.0,60.0,0.0,0.0,0.0,0.0,0.0,0.0,0.0,0.0
50.0,0.0,0.0,0.0,0.0,0.0,0.0,0.0,0.0,0.0
0.0,0.0,0.0,0.0,100.0,0.0,0.0,0.0,0.0,0.0
0.0,0.0,0.0,0.0,0.0,0.0,0.0,0.0,80.0,0.0
60.0,0.0,0.0,0.0,0.0,0.0,0.0,0.0,0.0,0.0
0.0,80.0,0.0,0.0,0.0,0.0,0.0,0.0,0.0,0.0
0.0,0.0,0.0,0.0,0.0,0.0,0.0,0.0,40.0,0.0
0.0,0.0,0.0,0.0,0.0,0.0,60.0,0.0,0.0,0.0
0.0,0.0,50.0,0.0,0.0,0.0,0.0,0.0,0.0,0.0
50.0,0.0,0.0,0.0,0.0,0.0,0.0,0.0,0.0,0.0
0.0,0.0,0.0,0.0,0.0,80.0,0.0,0.0,0.0,0.0
0.0,0.0,0.0,0.0,0.0,0.0,0.0,90.0,0.0,0.0
0.0,60.0,0.0,0.0,0.0,0.0,0.0,0.0,0.0,0.0
0.0,0.0,0.0,0.0,0.0,0.0,100.0,0.0,0.0,0.0
0.0,0.0,0.0,0.0,90.0,0.0,0.0,0.0,0.0,0.0
0.0,0.0,0.0,0.0,0.0,100.0,0.0,0.0,0.0,0.0
0.0,0.0,0.0,60.0,0.0,0.0,0.0,0.0,0.0,0.0
100.0,0.0,0.0,0.0,0.0,0.0,0.0,0.0,0.0,0.0
0.0,0.0,0.0,0.0,0.0,0.0,0.0,80.0,0.0,0.0
40.0,0.0,0.0,0.0,0.0,0.0,0.0,0.0,0.0,0.0
0.0,0.0,50.0,0.0,0.0,0.0,0.0,0.0,0.0,0.0
0.0,0.0,0.0,60.0,0.0,0.0,0.0,0.0,0.0,0.0
0.0,0.0,0.0,0.0,90.0,0.0,0.0,0.0,0.0,0.0
0.0,0.0,0.0,0.0,0.0,80.0,0.0,0.0,0.0,0.0
100.0,0.0,0.0,0.0,0.0,0.0,0.0,0.0,0.0,0.0
0.0,0.0,0.0,0.0,0.0,0.0,0.0,100.0,0.0,0.0
0.0,0.0,0.0,60.0,0.0,0.0,0.0,0.0,0.0,0.0
0.0,40.0,0.0,0.0,0.0,0.0,0.0,0.0,0.0,0.0
0.0,0.0,0.0,0.0,0.0,50.0,0.0,0.0,0.0,0.0
0.0,0.0,0.0,0.0,0.0,0.0,0.0,70.0,0.0,0.0
0.0,0.0,0.0,70.0,0.0,0.0,0.0,0.0,0.0,0.0
0.0,0.0,0.0,0.0,0.0,0.0,0.0,0.0,0.0,50.0
0.0,40.0,0.0,0.0,0.0,0.0,0.0,0.0,0.0,0.0
0.0,0.0,0.0,0.0,0.0,0.0,0.0,0.0,90.0,0.0
0.0,0.0,0.0,0.0,0.0,40.0,0.0,0.0,0.0,0.0
0.0,0.0,90.0,0.0,0.0,0.0,0.0,0.0,0.0,0.0
0.0,0.0,0.0,0.0,0.0,0.0,0.0,0.0,80.0,0.0
0.0,0.0,0.0,0.0,0.0,0.0,0.0,0.0,0.0,70.0
0.0,50.0,0.0,0.0,0.0,0.0,0.0,0.0,0.0,0.0
0.0,0.0,0.0,0.0,0.0,0.0,0.0,0.0,100.0,0.0
0.0,0.0,0.0,0.0,0.0,0.0,80.0,0.0,0.0,0.0
0.0,0.0,0.0,0.0,90.0,0.0,0.0,0.0,0.0,0.0
0.0,0.0,0.0,0.0,0.0,90.0,0.0,0.0,0.0,0.0
0.0,0.0,50.0,0.0,0.0,0.0,0.0,0.0,0.0,0.0
0.0,0.0,0.0,0.0,90.0,0.0,0.0,0.0,0.0,0.0
0.0,0.0,0.0,0.0,0.0,50.0,0.0,0.0,0.0,0.0
0.0,0.0,0.0,0.0,0.0,90.0,0.0,0.0,0.0,0.0
0.0,0.0,0.0,0.0,100.0,0.0,0.0,0.0,0.0,0.0
0.0,80.0,0.0,0.0,0.0,0.0,0.0,0.0,0.0,0.0
0.0,0.0,0.0,0.0,0.0,0.0,70.0,0.0,0.0,0.0
0.0,0.0,0.0,0.0,0.0,60.0,0.0,0.0,0.0,0.0
0.0,50.0,0.0,0.0,0.0,0.0,0.0,0.0,0.0,0.0
0.0,0.0,0.0,0.0,0.0,0.0,60.0,0.0,0.0,0.0
0.0,0.0,0.0,0.0,0.0,0.0,0.0,0.0,0.0,90.0
0.0,0.0,0.0,60.0,0.0,0.0,0.0,0.0,0.0,0.0
0.0,0.0,0.0,0.0,0.0,0.0,0.0,0.0,60.0,0.0
0.0,0.0,0.0,0.0,0.0,0.0,0.0,0.0,70.0,0.0
0.0,0.0,50.0,0.0,0.0,0.0,0.0,0.0,0.0,0.0
0.0,50.0,0.0,0.0,0.0,0.0,0.0,0.0,0.0,0.0
0.0,0.0,0.0,80.0,0.0,0.0,0.0,0.0,0.0,0.0
0.0,0.0,0.0,0.0,100.0,0.0,0.0,0.0,0.0,0.0
0.0,0.0,0.0,0.0,0.0,0.0,0.0,80.0,0.0,0.0
70.0,0.0,0.0,0.0,0.0,0.0,0.0,0.0,0.0,0.0
0.0,0.0,0.0,0.0,0.0,0.0,60.0,0.0,0.0,0.0
0.0,0.0,0.0,0.0,0.0,0.0,50.0,0.0,0.0,0.0
0.0,0.0,0.0,0.0,100.0,0.0,0.0,0.0,0.0,0.0
0.0,0.0,0.0,0.0,0.0,0.0,0.0,50.0,0.0,0.0
0.0,0.0,70.0,0.0,0.0,0.0,0.0,0.0,0.0,0.0
0.0,0.0,0.0,0.0,0.0,100.0,0.0,0.0,0.0,0.0
0.0,90.0,0.0,0.0,0.0,0.0,0.0,0.0,0.0,0.0
90.0,0.0,0.0,0.0,0.0,0.0,0.0,0.0,0.0,0.0
0.0,0.0,0.0,0.0,0.0,0.0,0.0,0.0,50.0,0.0
0.0,0.0,0.0,0.0,0.0,0.0,0.0,0.0,0.0,40.0
0.0,0.0,0.0,0.0,0.0,0.0,0.0,0.0,40.0,0.0
0.0,0.0,0.0,0.0,0.0,0.0,0.0,0.0,70.0,0.0
0.0,0.0,40.0,0.0,0.0,0.0,0.0,0.0,0.0,0.0
0.0,0.0,0.0,40.0,0.0,0.0,0.0,0.0,0.0,0.0
0.0,0.0,0.0,0.0,0.0,80.0,0.0,0.0,0.0,0.0
0.0,0.0,60.0,0.0,0.0,0.0,0.0,0.0,0.0,0.0
0.0,0.0,0.0,0.0,0.0,0.0,0.0,0.0,60.0,0.0
0.0,0.0,0.0,0.0,0.0,0.0,0.0,0.0,70.0,0.0
0.0,0.0,0.0,0.0,0.0,0.0,0.0,0.0,0.0,70.0
0.0,0.0,0.0,0.0,0.0,100.0,0.0,0.0,0.0,0.0
80.0,0.0,0.0,0.0,0.0,0.0,0.0,0.0,0.0,0.0
0.0,100.0,0.0,0.0,0.0,0.0,0.0,0.0,0.0,0.0
0.0,0.0,90.0,0.0,0.0,0.0,0.0,0.0,0.0,0.0
0.0,0.0,0.0,40.0,0.0,0.0,0.0,0.0,0.0,0.0
0.0,0.0,0.0,0.0,70.0,0.0,0.0,0.0,0.0,0.0
0.0,0.0,0.0,0.0,0.0,0.0,0.0,0.0,80.0,0.0
0.0,0.0,0.0,0.0,0.0,0.0,0.0,90.0,0.0,0.0
0.0,0.0,0.0,0.0,0.0,60.0,0.0,0.0,0.0,0.0
0.0,0.0,0.0,0.0,70.0,0.0,0.0,0.0,0.0,0.0
0.0,0.0,0.0,0.0,0.0,0.0,0.0,90.0,0.0,0.0
0.0,0.0,0.0,0.0,0.0,0.0,0.0,0.0,0.0,100.0
0.0,0.0,0.0,0.0,0.0,70.0,0.0,0.0,0.0,0.0
0.0,40.0,0.0,0.0,0.0,0.0,0.0,0.0,0.0,0.0
0.0,0.0,0.0,0.0,0.0,0.0,60.0,0.0,0.0,0.0
0.0,70.0,0.0,0.0,0.0,0.0,0.0,0.0,0.0,0.0
90.0,0.0,0.0,0.0,0.0,0.0,0.0,0.0,0.0,0.0
50.0,0.0,0.0,0.0,0.0,0.0,0.0,0.0,0.0,0.0
0.0,0.0,0.0,0.0,0.0,0.0,0.0,50.0,0.0,0.0
0.0,0.0,90.0,0.0,0.0,0.0,0.0,0.0,0.0,0.0
80.0,0.0,0.0,0.0,0.0,0.0,0.0,0.0,0.0,0.0
0.0,0.0,0.0,0.0,80.0,0.0,0.0,0.0,0.0,0.0
0.0,0.0,0.0,0.0,0.0,0.0,0.0,40.0,0.0,0.0
0.0,0.0,0.0,0.0,0.0,0.0,0.0,0.0,50.0,0.0
0.0,0.0,0.0,0.0,0.0,0.0,0.0,0.0,0.0,50.0
0.0,80.0,0.0,0.0,0.0,0.0,0.0,0.0,0.0,0.0
0.0,0.0,0.0,0.0,0.0,0.0,60.0,0.0,0.0,0.0
0.0,0.0,0.0,0.0,0.0,70.0,0.0,0.0,0.0,0.0
0.0,0.0,100.0,0.0,0.0,0.0,0.0,0.0,0.0,0.0
0.0,0.0,100.0,0.0,0.0,0.0,0.0,0.0,0.0,0.0
0.0,100.0,0.0,0.0,0.0,0.0,0.0,0.0,0.0,0.0
0.0,0.0,0.0,60.0,0.0,0.0,0.0,0.0,0.0,0.0
0.0,0.0,0.0,0.0,0.0,0.0,0.0,0.0,80.0,0.0
0.0,0.0,0.0,80.0,0.0,0.0,0.0,0.0,0.0,0.0
0.0,0.0,0.0,0.0,0.0,0.0,70.0,0.0,0.0,0.0
0.0,0.0,0.0,0.0,90.0,0.0,0.0,0.0,0.0,0.0
0.0,0.0,0.0,60.0,0.0,0.0,0.0,0.0,0.0,0.0
0.0,0.0,100.0,0.0,0.0,0.0,0.0,0.0,0.0,0.0
0.0,0.0,0.0,0.0,0.0,0.0,0.0,0.0,40.0,0.0
0.0,90.0,0.0,0.0,0.0,0.0,0.0,0.0,0.0,0.0
0.0,70.0,0.0,0.0,0.0,0.0,0.0,0.0,0.0,0.0
0.0,0.0,0.0,0.0,0.0,0.0,0.0,100.0,0.0,0.0
60.0,0.0,0.0,0.0,0.0,0.0,0.0,0.0,0.0,0.0
0.0,0.0,0.0,0.0,0.0,0.0,0.0,0.0,0.0,100.0
0.0,0.0,0.0,0.0,0.0,0.0,0.0,0.0,0.0,60.0
0.0,0.0,0.0,0.0,100.0,0.0,0.0,0.0,0.0,0.0
0.0,0.0,0.0,0.0,0.0,0.0,0.0,100.0,0.0,0.0
0.0,0.0,0.0,0.0,90.0,0.0,0.0,0.0,0.0,0.0
0.0,0.0,0.0,0.0,50.0,0.0,0.0,0.0,0.0,0.0
0.0,0.0,0.0,0.0,0.0,0.0,0.0,0.0,0.0,100.0
0.0,0.0,0.0,0.0,0.0,0.0,0.0,0.0,80.0,0.0
0.0,0.0,0.0,60.0,0.0,0.0,0.0,0.0,0.0,0.0
0.0,0.0,0.0,0.0,60.0,0.0,0.0,0.0,0.0,0.0
0.0,0.0,0.0,0.0,0.0,0.0,100.0,0.0,0.0,0.0
0.0,0.0,0.0,80.0,0.0,0.0,0.0,0.0,0.0,0.0
0.0,0.0,60.0,0.0,0.0,0.0,0.0,0.0,0.0,0.0
0.0,0.0,100.0,0.0,0.0,0.0,0.0,0.0,0.0,0.0
0.0,0.0,0.0,0.0,0.0,90.0,0.0,0.0,0.0,0.0
0.0,0.0,0.0,40.0,0.0,0.0,0.0,0.0,0.0,0.0
90.0,0.0,0.0,0.0,0.0,0.0,0.0,0.0,0.0,0.0
0.0,0.0,0.0,0.0,0.0,0.0,0.0,80.0,0.0,0.0
0.0,0.0,0.0,0.0,0.0,0.0,0.0,0.0,0.0,60.0
0.0,100.0,0.0,0.0,0.0,0.0,0.0,0.0,0.0,0.0
0.0,0.0,0.0,0.0,0.0,0.0,0.0,0.0,0.0,70.0
0.0,0.0,0.0,0.0,0.0,0.0,0.0,50.0,0.0,0.0
0.0,60.0,0.0,0.0,0.0,0.0,0.0,0.0,0.0,0.0
0.0,0.0,0.0,0.0,40.0,0.0,0.0,0.0,0.0,0.0
60.0,0.0,0.0,0.0,0.0,0.0,0.0,0.0,0.0,0.0
0.0,0.0,0.0,0.0,0.0,0.0,0.0,100.0,0.0,0.0
0.0,0.0,0.0,0.0,60.0,0.0,0.0,0.0,0.0,0.0
0.0,0.0,0.0,0.0,0.0,0.0,0.0,0.0,0.0,60.0
0.0,0.0,0.0,0.0,0.0,0.0,0.0,0.0,80.0,0.0
0.0,0.0,0.0,0.0,0.0,0.0,0.0,0.0,0.0,60.0
0.0,0.0,0.0,0.0,0.0,50.0,0.0,0.0,0.0,0.0
0.0,0.0,0.0,0.0,0.0,0.0,0.0,0.0,40.0,0.0
80.0,0.0,0.0,0.0,0.0,0.0,0.0,0.0,0.0,0.0
0.0,0.0,0.0,0.0,0.0,0.0,60.0,0.0,0.0,0.0
50.0,0.0,0.0,0.0,0.0,0.0,0.0,0.0,0.0,0.0
0.0,0.0,0.0,0.0,0.0,0.0,0.0,0.0,0.0,90.0
0.0,0.0,0.0,50.0,0.0,0.0,0.0,0.0,0.0,0.0
0.0,0.0,0.0,70.0,0.0,0.0,0.0,0.0,0.0,0.0
0.0,0.0,0.0,40.0,0.0,0.0,0.0,0.0,0.0,0.0
0.0,0.0,0.0,50.0,0.0,0.0,0.0,0.0,0.0,0.0
40.0,0.0,0.0,0.0,0.0,0.0,0.0,0.0,0.0,0.0
100.0,0.0,0.0,0.0,0.0,0.0,0.0,0.0,0.0,0.0
0.0,0.0,0.0,0.0,0.0,0.0,0.0,60.0,0.0,0.0
40.0,0.0,0.0,0.0,0.0,0.0,0.0,0.0,0.0,0.0
0.0,0.0,0.0,0.0,0.0,0.0,0.0,0.0,0.0,60.0
0.0,0.0,0.0,0.0,0.0,100.0,0.0,0.0,0.0,0.0
0.0,0.0,0.0,0.0,0.0,0.0,0.0,0.0,50.0,0.0
0.0,0.0,0.0,0.0,0.0,0.0,0.0,0.0,70.0,0.0
0.0,0.0,80.0,0.0,0.0,0.0,0.0,0.0,0.0,0.0
0.0,0.0,0.0,0.0,0.0,0.0,0.0,0.0,60.0,0.0
0.0,0.0,60.0,0.0,0.0,0.0,0.0,0.0,0.0,0.0
0.0,0.0,0.0,50.0,0.0,0.0,0.0,0.0,0.0,0.0
0.0,0.0,0.0,0.0,0.0,0.0,0.0,0.0,0.0,70.0
90.0,0.0,0.0,0.0,0.0,0.0,0.0,0.0,0.0,0.0
0.0,0.0,90.0,0.0,0.0,0.0,0.0,0.0,0.0,0.0
0.0,0.0,0.0,0.0,70.0,0.0,0.0,0.0,0.0,0.0
0.0,70.0,0.0,0.0,0.0,0.0,0.0,0.0,0.0,0.0
0.0,0.0,40.0,0.0,0.0,0.0,0.0,0.0,0.0,0.0
90.0,0.0,0.0,0.0,0.0,0.0,0.0,0.0,0.0,0.0
0.0,70.0,0.0,0.0,0.0,0.0,0.0,0.0,0.0,0.0
0.0,0.0,80.0,0.0,0.0,0.0,0.0,0.0,0.0,0.0
0.0,0.0,70.0,0.0,0.0,0.0,0.0,0.0,0.0,0.0
0.0,0.0,0.0,0.0,90.0,0.0,0.0,0.0,0.0,0.0
0.0,0.0,0.0,80.0,0.0,0.0,0.0,0.0,0.0,0.0
0.0,0.0,0.0,0.0,0.0,0.0,0.0,100.0,0.0,0.0
0.0,0.0,0.0,100.0,0.0,0.0,0.0,0.0,0.0,0.0
0.0,0.0,0.0,50.0,0.0,0.0,0.0,0.0,0.0,0.0
0.0,0.0,0.0,0.0,0.0,0.0,0.0,50.0,0.0,0.0
100.0,0.0,0.0,0.0,0.0,0.0,0.0,0.0,0.0,0.0
0.0,0.0,0.0,0.0,0.0,0.0,0.0,0.0,0.0,60.0
0.0,90.0,0.0,0.0,0.0,0.0,0.0,0.0,0.0,0.0
70.0,0.0,0.0,0.0,0.0,0.0,0.0,0.0,0.0,0.0
0.0,0.0,0.0,0.0,0.0,40.0,0.0,0.0,0.0,0.0
0.0,0.0,0.0,0.0,80.0,0.0,0.0,0.0,0.0,0.0
0.0,0.0,0.0,0.0,90.0,0.0,0.0,0.0,0.0,0.0
0.0,0.0,0.0,0.0,60.0,0.0,0.0,0.0,0.0,0.0
0.0,0.0,0.0,0.0,0.0,0.0,0.0,0.0,0.0,60.0
0.0,0.0,0.0,0.0,0.0,0.0,0.0,0.0,50.0,0.0
0.0,0.0,0.0,60.0,0.0,0.0,0.0,0.0,0.0,0.0
0.0,0.0,0.0,0.0,100.0,0.0,0.0,0.0,0.0,0.0
0.0,0.0,0.0,50.0,0.0,0.0,0.0,0.0,0.0,0.0
0.0,0.0,0.0,0.0,40.0,0.0,0.0,0.0,0.0,0.0
0.0,0.0,0.0,0.0,0.0,0.0,80.0,0.0,0.0,0.0
0.0,0.0,0.0,0.0,0.0,40.0,0.0,0.0,0.0,0.0
0.0,0.0,0.0,0.0,0.0,60.0,0.0,0.0,0.0,0.0
0.0,0.0,0.0,0.0,0.0,100.0,0.0,0.0,0.0,0.0
60.0,0.0,0.0,0.0,0.0,0.0,0.0,0.0,0.0,0.0
0.0,90.0,0.0,0.0,0.0,0.0,0.0,0.0,0.0,0.0
0.0,0.0,100.0,0.0,0.0,0.0,0.0,0.0,0.0,0.0
0.0,0.0,70.0,0.0,0.0,0.0,0.0,0.0,0.0,0.0
0.0,0.0,0.0,0.0,0.0,0.0,0.0,0.0,0.0,90.0
0.0,0.0,90.0,0.0,0.0,0.0,0.0,0.0,0.0,0.0
0.0,0.0,0.0,0.0,0.0,0.0,0.0,0.0,0.0,80.0
0.0,0.0,0.0,0.0,0.0,0.0,0.0,0.0,90.0,0.0
0.0,0.0,0.0,0.0,0.0,0.0,0.0,40.0,0.0,0.0
0.0,0.0,0.0,0.0,0.0,0.0,100.0,0.0,0.0,0.0
0.0,0.0,0.0,0.0,0.0,0.0,0.0,0.0,50.0,0.0
0.0,0.0,0.0,0.0,0.0,0.0,0.0,90.0,0.0,0.0
0.0,0.0,0.0,60.0,0.0,0.0,0.0,0.0,0.0,0.0
0.0,0.0,0.0,0.0,0.0,0.0,0.0,0.0,60.0,0.0
0.0,0.0,0.0,0.0,0.0,0.0,0.0,0.0,80.0,0.0
0.0,100.0,0.0,0.0,0.0,0.0,0.0,0.0,0.0,0.0
0.0,0.0,0.0,0.0,0.0,40.0,0.0,0.0,0.0,0.0
0.0,60.0,0.0,0.0,0.0,0.0,0.0,0.0,0.0,0.0
0.0,100.0,0.0,0.0,0.0,0.0,0.0,0.0,0.0,0.0
0.0,0.0,0.0,0.0,0.0,0.0,0.0,0.0,0.0,100.0
0.0,80.0,0.0,0.0,0.0,0.0,0.0,0.0,0.0,0.0
0.0,0.0,0.0,0.0,0.0,0.0,0.0,0.0,0.0,60.0
0.0,0.0,0.0,0.0,0.0,0.0,0.0,0.0,80.0,0.0
60.0,0.0,0.0,0.0,0.0,0.0,0.0,0.0,0.0,0.0
0.0,0.0,0.0,0.0,0.0,50.0,0.0,0.0,0.0,0.0
0.0,0.0,0.0,0.0,0.0,0.0,100.0,0.0,0.0,0.0
0.0,0.0,0.0,0.0,0.0,80.0,0.0,0.0,0.0,0.0
0.0,0.0,0.0,0.0,0.0,0.0,80.0,0.0,0.0,0.0
0.0,0.0,0.0,0.0,0.0,0.0,70.0,0.0,0.0,0.0
50.0,0.0,0.0,0.0,0.0,0.0,0.0,0.0,0.0,0.0
0.0,0.0,0.0,50.0,0.0,0.0,0.0,0.0,0.0,0.0
0.0,0.0,0.0,0.0,0.0,0.0,0.0,90.0,0.0,0.0
0.0,0.0,0.0,0.0,0.0,0.0,0.0,0.0,60.0,0.0
0.0,0.0,0.0,80.0,0.0,0.0,0.0,0.0,0.0,0.0
0.0,0.0,0.0,0.0,0.0,0.0,0.0,0.0,0.0,70.0
0.0,0.0,0.0,90.0,0.0,0.0,0.0,0.0,0.0,0.0
0.0,0.0,0.0,0.0,0.0,0.0,70.0,0.0,0.0,0.0
0.0,0.0,0.0,0.0,0.0,0.0,0.0,40.0,0.0,0.0
0.0,70.0,0.0,0.0,0.0,0.0,0.0,0.0,0.0,0.0
0.0,0.0,40.0,0.0,0.0,0.0,0.0,0.0,0.0,0.0
0.0,0.0,90.0,0.0,0.0,0.0,0.0,0.0,0.0,0.0
60.0,0.0,0.0,0.0,0.0,0.0,0.0,0.0,0.0,0.0
0.0,0.0,90.0,0.0,0.0,0.0,0.0,0.0,0.0,0.0
0.0,0.0,0.0,0.0,0.0,70.0,0.0,0.0,0.0,0.0
0.0,0.0,0.0,0.0,0.0,0.0,0.0,100.0,0.0,0.0
0.0,0.0,0.0,0.0,0.0,0.0,50.0,0.0,0.0,0.0
0.0,100.0,0.0,0.0,0.0,0.0,0.0,0.0,0.0,0.0
0.0,0.0,0.0,0.0,0.0,0.0,0.0,0.0,100.0,0.0
0.0,0.0,0.0,0.0,0.0,60.0,0.0,0.0,0.0,0.0
0.0,0.0,0.0,0.0,70.0,0.0,0.0,0.0,0.0,0.0
100.0,0.0,0.0,0.0,0.0,0.0,0.0,0.0,0.0,0.0
0.0,0.0,0.0,0.0,0.0,0.0,0.0,0.0,0.0,40.0
0.0,0.0,0.0,0.0,0.0,0.0,90.0,0.0,0.0,0.0
0.0,60.0,0.0,0.0,0.0,0.0,0.0,0.0,0.0,0.0
0.0,0.0,0.0,0.0,0.0,0.0,50.0,0.0,0.0,0.0
0.0,0.0,0.0,0.0,0.0,0.0,0.0,0.0,0.0,40.0
